Филиппов;Андрей;Александрович;82(0424)008-17-05;Рабочий
Березин;Фёдор;Васильевич;1(1556)296-54-57;Домашний
Родионов;Михаил;Макарович;495(489)892-07-25;Мобильный
Семенова;Ксения;Германовна;441(07)275-71-15;Служебный
Чернова;Дарья;Дмитриевна;545(9393)862-58-85;Служебный
Петухова;Амина;Арсентьевна;26(243)182-39-73;Мобильный
Евдокимова;Элина;Ивановна;28(114)321-58-03;Рабочий
Гаврилова;Мария;Кирилловна;36(79)047-96-18;Домашний
Бирюкова;Софья;Матвеевна;44(298)338-64-45;Домашний
Трофимова;Дарья;Кирилловна;80(4163)675-54-64;Мобильный
Елисеев;Феофан;Сергеевич;8(9999)6567-54-54;Рабочий
